Workbook

Sheet Plan1
A1: Data | C1: Valor
A2: 36619 | B2: =YEAR(A2) -> 2000 | C2: 151
A3: 36982 | B3: =YEAR(A3) -> 2001 | C3: 180
A4: 37347 | B4: =YEAR(A4) -> 2002 | C4: 200
A5: 37712 | B5: =YEAR(A5) -> 2003 | C5: 240
A6: 38108 | B6: =YEAR(A6) -> 2004 | C6: 260
A7: 38473 | B7: =YEAR(A7) -> 2005 | C7: 300
A8: 38808 | B8: =YEAR(A8) -> 2006 | C8: 350
A9: 39173 | B9: =YEAR(A9) -> 2007 | C9: 380
A10: 39508 | B10: =YEAR(A10) -> 2008 | C10: 415
A11: 39845 | B11: =YEAR(A11) -> 2009 | C11: 465
A12: 40179 | B12: =YEAR(A12) -> 2010 | C12: 510
A13: 40603 | B13: =YEAR(A13) -> 2011 | C13: 545
... A22: 43862 | B22: =YEAR(A22) -> 2020 | C22: 1045

Sheet Plan2
A1: Periodo | B1: Outras Entidades | C1: Crédito | D1: Atualizado
A2: 43647 | B2: 1212.2244 | C2: =IFERROR(B2-(((VLOOKUP(YEAR(A2),Plan1!B:C,2,0)*20)*0.058)),0) -> 54.54436 | D2: =IFERROR(C2*1.35, "") -> 73.634886
A3: 43678 | B3: 2792.1507 | C3: =IFERROR(B3-(((VLOOKUP(YEAR(A3),Plan1!B:C,2,0)*20)*0.058)),0) -> 1634.4707 | D3: =IFERROR(C3*1.35, "") -> 2206.5355
A4: 43709 | B4: 4923.9529 | C4: =IFERROR(B4-(((VLOOKUP(YEAR(A4),Plan1!B:C,2,0)*20)*0.058)),0) -> 3766.2729 | D4: =IFERROR(C4*1.35, "") -> 5084.4684
A5: 43739 | B5: 7984.7017 | C5: =IFERROR(B5-(((VLOOKUP(YEAR(A5),Plan1!B:C,2,0)*20)*0.058)),0) -> 6827.0217 | D5: =IFERROR(C5*1.35, "") -> 9216.4792
A6: 43770 | B6: 10282.174 | C6: =IFERROR(B6-(((VLOOKUP(YEAR(A6),Plan1!B:C,2,0)*20)*0.058)),0) -> 9124.4945 | D6: =IFERROR(C6*1.35, "") -> 12318.068
A7: 43800 | B7: 11752.492 | C7: =IFERROR(B7-(((VLOOKUP(YEAR(A7),Plan1!B:C,2,0)*20)*0.058)),0) -> 10594.812 | D7: =IFERROR(C7*1.35, "") -> 14302.997
A8: 13/19 | B8: 2607.1064 | C8: =IFERROR(B8-(((VLOOKUP(YEAR(A7),Plan1!B:C,2,0)*20)*0.058)),0) -> 1449.4264 | D8: =IFERROR(C8*1.35, "") -> 1956.7256
A9: 43831 | B9: 10184.872 | C9: =IFERROR(B9-(((VLOOKUP(YEAR(A9),Plan1!B:C,2,0)*20)*0.058)),0) -> 8972.6725 | D9: =IFERROR(C9*1.35, "") -> 12113.108
A10: 43862 | B10: 8840.0729 | C10: =IFERROR(B10-(((VLOOKUP(YEAR(A10),Plan1!B:C,2,0)*20)*0.058)),0) -> 7627.8729 | D10: =IFERROR(C10*1.35, "") -> 10297.628
A11: 43891 | B11: 8895.685 | C11: =IFERROR(B11-(((VLOOKUP(YEAR(A11),Plan1!B:C,2,0)*20)*0.058)),0) -> 7683.485 | D11: =IFERROR(C11*1.35, "") -> 10372.705
C12: =SUM(C2:C11) -> 57735.073 | D12: =SUM(D2:D11) -> 77942.349
